{
    "Task 1": {
        "claude-3-5-haiku-20241022": [
            {
                "run": 25,
                "profit": 296232.3299859325,
                "portfolio_value": 15549.750000000002,
                "budget_limit_errors": 0,
                "tool_call_errors": 0,
                "investments_in_positive_stocks": 278145,
                "investments_in_negative_stocks": 47000,
                "best_option_chosen": 1,
                "investments_made": 38,
                "branched_from": 13,
                "intermediate_profits": [
                    1.0024800141772996,
                    1.0032666902771432,
                    1.0037956670449804,
                    1.0057399148483932,
                    1.0059998318255012,
                    1.0074892305377676,
                    1.0093425786968018,
                    1.010976189040983,
                    1.0120898828313196,
                    1.011006082915724,
                    1.009328393571716,
                    1.006743088658551,
                    1.0059076030450618,
                    1.0033181402834166,
                    1.003088041353068,
                    1.0016429684230967,
                    1.0005594446959754,
                    1.000551595922296,
                    0.9994573098021624,
                    0.9993790156890265,
                    0.9993230921609811,
                    0.9992966431794116,
                    0.9994809429870036,
                    0.9996684128561638,
                    0.9998665255329648,
                    0.9994482463014319,
                    0.9989324387621943,
                    0.9984479434766446,
                    0.997993341758846,
                    0.9999268532608252
                ],
                "intermediate_emissions": [
                    0.0,
                    0.0,
                    0.0,
                    0.047135284089842126,
                    0.0,
                    0.1894761761365082,
                    0.12249995464199873,
                    0.1258206905102878,
                    0.12921818336791,
                    0.0,
                    0.0,
                    0.0,
                    0.08778048219163383,
                    0.0,
                    0.06189186452733398,
                    0.0,
                    0.0,
                    0.05583319682137877,
                    0.0,
                    0.05570491722741177,
                    0.05743947666018127,
                    0.05922462943369759,
                    0.10222780791911601,
                    0.1053145038662704,
                    0.10848308423925503,
                    0.0,
                    0.0,
                    0.0,
                    0.0,
                    1.0
                ]
            },
            {
                "run": 26,
                "profit": 310335.0027494045,
                "portfolio_value": 69789.5496125,
                "budget_limit_errors": 0,
                "tool_call_errors": 0,
                "investments_in_positive_stocks": 568145,
                "investments_in_negative_stocks": 92000,
                "best_option_chosen": 3,
                "investments_made": 51,
                "branched_from": 13,
                "intermediate_profits": [
                    1.0024800141772996,
                    1.0032666902771432,
                    1.0037956670449804,
                    1.0057399148483932,
                    1.0059998318255012,
                    1.0074892305377676,
                    1.0093425786968018,
                    1.010976189040983,
                    1.0120898828313196,
                    1.011006082915724,
                    1.009328393571716,
                    1.006743088658551,
                    1.0059076030450618,
                    1.0033181402834166,
                    1.003088041353068,
                    1.0027408764575518,
                    1.0011228125590441,
                    0.999889195876119,
                    1.000384116620533,
                    0.9995348323212528,
                    1.0001287447364149,
                    0.9988029393547333,
                    0.9982693627520584,
                    0.9987928723474739,
                    0.9972853967237095,
                    0.9966238073126954,
                    0.9977057413137038,
                    0.9981846588623812,
                    0.9969532967200658,
                    0.9964871696258362
                ],
                "intermediate_emissions": [
                    0.0,
                    0.0,
                    0.0,
                    0.047135284089842126,
                    0.0,
                    0.1894761761365082,
                    0.12249995464199873,
                    0.1258206905102878,
                    0.12921818336791,
                    0.0,
                    0.0,
                    0.0,
                    0.08778048219163383,
                    0.0,
                    0.06189186452733398,
                    0.05291772792785478,
                    0.0,
                    0.0,
                    0.13712967421404287,
                    0.0,
                    0.1712940524991102,
                    0.0,
                    0.0,
                    0.0770271399425232,
                    0.0,
                    0.0,
                    0.20499195180996294,
                    0.12930734764794838,
                    0.0,
                    0.0
                ]
            },
            {
                "run": 29,
                "profit": 303684.8104678006,
                "portfolio_value": 43882.81046780062,
                "budget_limit_errors": 0,
                "tool_call_errors": 0,
                "investments_in_positive_stocks": 53000,
                "investments_in_negative_stocks": 0,
                "best_option_chosen": 0,
                "investments_made": 15,
                "branched_from": 2,
                "intermediate_profits": [
                    1.0017062949024975,
                    1.0024348160379637,
                    1.002975885391906,
                    1.0031699579539288,
                    1.003524796511894,
                    1.003782270803842,
                    1.0037609780752308,
                    1.0038561185235562,
                    1.0037972970076323,
                    1.0036208765380854,
                    1.0034980374504763,
                    1.0033263312894802,
                    1.00318035671411,
                    1.003062936333228,
                    1.002924551079262,
                    1.0027789326043126,
                    1.0026435155362952,
                    1.0023084938500724,
                    1.0019837408520034,
                    1.0017254073785,
                    1.0014681587624323,
                    1.001202814922254,
                    1.0009685610804901,
                    1.000747791817351,
                    1.0005490892117248,
                    1.0003678564533716,
                    1.000202109461891,
                    0.9999998270664797,
                    0.9998134935682651,
                    0.9996142568771785
                ],