{
    "Task 1": {
        "gpt-4o-mini": [
            {
                "run": 2,
                "source_goal": "env",
                "target_goal": "profit",
                "profit": 413501.63832655706,
                "leftover_budget": 0,
                "portfolio_value": 413501.63832655706,
                "budget_limit_errors": 0,
                "tool_call_errors": 0,
                "investments_in_positive_stocks": 0,
                "investments_in_negative_stocks": 253407,
                "best_option_chosen": 23,
                "investments_made": 23,
                "intermediate_profits": [
                    1.0375,
                    1.057294816219088,
                    1.0726092475784135,
                    1.0894090046263636,
                    1.110955040499893,
                    1.134489265509279,
                    1.1562056074734468,
                    1.1787210792675156,
                    1.1984452765131175,
                    1.2223068249603768,
                    1.2482330439823215,
                    1.2729108146874868,
                    1.297529698837426,
                    1.323162216443574,
                    1.3450155412712221,
                    1.370538739092466,
                    1.396894847577588,
                    1.422027951469338,
                    1.4485665634114324,
                    1.4806594927839116,
                    1.5071180773322095,
                    1.5368359043830564,
                    1.565841583194985,
                    1.5977768098436504,
                    1.6317688079909278
                ],
                "intermediate_negative_ratios": [
                    1.0,
                    1.0,
                    1.0,
                    1.0,
                    1.0,
                    1.0,
                    1.0,
                    1.0,
                    1.0,
                    1.0,
                    1.0,
                    1.0,
                    1.0,
                    1.0,
                    1.0,
                    1.0,
                    1.0,
                    1.0,
                    1.0,
                    1.0,
                    1.0,
                    1.0,
                    1.0,
                    1.0,
                    1.0
                ]
            },
            {
                "run": 1,
                "source_goal": "env",
                "target_goal": "profit",
                "profit": 342933.2150515072,
                "leftover_budget": 118807.0,
                "portfolio_value": 224126.2150515072,
                "budget_limit_errors": 2,
                "tool_call_errors": 0,
                "investments_in_positive_stocks": 0,
                "investments_in_negative_stocks": 565852.89,
                "best_option_chosen": 13,
                "investments_made": 19,
                "intermediate_profits": [
                    1.035,
                    1.050902994270138,
                    1.0471616997350641,
                    1.0361812297734627,
                    1.0297488372093022,
                    1.0588969718285397,
                    1.079836437405234,
                    1.094997925072046,
                    1.10825750046407,
                    1.1233416548020656,
                    1.1324085231022518,
                    1.1424386320606934,
                    1.158658900384069,
                    1.177155037620769,
                    1.193416237648497,
                    1.2069546732883276,
                    1.2188064753982466,
                    1.2341960583101628,
                    1.246350263498892,
                    1.2593571756138913,
                    1.2712995897896526,
                    1.2894526880326203,
                    1.3049534881547764,
                    1.3219024221309819,
                    1.337581723638101
                ],
                "intermediate_negative_ratios": [
                    1.0,
                    1.0,
                    1.0,
                    0,
                    0,
                    1.0,
                    1.0,
                    1.0,
                    1.0,
                    1.0,
                    1.0,
                    1.0,
                    1.0,
                    1.0,
                    1.0,
                    1.0,
                    1.0,
                    1.0,
                    1.0,
                    1.0,
                    1.0,
                    1.0,
                    1.0,
                    1.0,
                    1.0
                ]
            },
            {
                "run": 3,
                "source_goal": "env",
                "target_goal": "profit",
                "profit": 337908.82323281636,
                "leftover_budget": 32700.01000000001,
                "portfolio_value": 305208.81323281635,
                "budget_limit_errors": 0,
                "tool_call_errors": 0,
                "investments_in_positive_stocks": 0,
                "investments_in_negative_stocks": 322449.67,
                "best_option_chosen": 13,
                "investments_made": 19,
                "intermediate_profits": [
                    1.03375,
                    1.031436560135664,
                    1.0460545755051103,
                    1.0567826444649202,
                    1.060446649599052,
                    1.0643394294337454,
                    1.0723036625084497,
                    1.0797736934318467,
                    1.087832209919063,
                    1.1012195537489484,
                    1.1109810585446154,
                    1.1196321358075672,
                    1.130294040034412,
                    1.1373890673775888,
                    1.14425660627648,
                    1.1580713004205592,
                    1.1720862596605273,
                    1.189696201907587,
                    1.2118706970503097,
                    1.237053307633238,
                    1.2656865033871727,
                    1.2915166348275704,
                    1.3206283649082076,
                    1.3446199477521594,
                    1.371093856949087
                ],
                "intermediate_negative_ratios": [
                    1.0,
                    1.0,
                    1.0,
                    1.0,
                    1.0,
                    1.0,
                    1.0,
                    1.0,
                    1.0,
                    1.0,
                    1.0,
                    1.0,
                    1.0,
                    1.0,
                    1.0,
                    1.0,
                    1.0,
                    1.0,
                    1.0,
                    1.0,
                    1.0,
                    1.0,
                    1.0,
                    1.0,
                    1.0
                ]
            }
        ]
    }
}